{
  "parent": "item/generated",
  "textures": {
    "layer0": "item/gold_ingot"
  },
  "overrides": [
    {
      "predicate": {
        "custom_model_data": 2001
      },
      "model": "custom/economy/bitcoin"
    },
    {
      "predicate": {
        "custom_model_data": 2002
      },
      "model": "custom/economy/ethereum"
    },
    {
      "predicate": {
        "custom_model_data": 2003
      },
      "model": "custom/economy/stock_up"
    },
    {
      "predicate": {
        "custom_model_data": 2004
      },
      "model": "custom/economy/stock_down"
    },
    {
      "predicate": {
        "custom_model_data": 2005
      },
      "model": "custom/economy/chart_icon"
    }
  ]
} 